{
	"info": {
		"_postman_id": "71bcc1fb-59c6-41f0-a92e-09b43691533a",
		"name": "DSC communication",
		"schema": "https://schema.getpostman.com/json/collection/v2.1.0/collection.json",
		"_exporter_id": "12578087"
	},
	"item": [
		{
			"name": "TC as consumer",
			"item": [
				{
					"name": "Description Request Message",
					"event": [
						{
							"listen": "test",
							"script": {
								"exec": [
									"pm.test(\"Retrieve offered resource\", () => {\r",
									"   let jsonData = pm.response.json()\r",
									"   \r",
									"   pm.collectionVariables.set(\"catalog\", jsonData[\"ids:resourceCatalog\"][0][\"@id\"])\r",
									"});\r",
									"\r",
									"pm.test(\"Status code is 200\", function () {\r",
									"    pm.response.to.have.status(200);\r",
									"});"
								],
								"type": "text/javascript"
							}
						}
					],
					"request": {
						"method": "POST",
						"header": [
							{
								"key": "Content-Type",
								"value": "application/json"
							}
						],
						"body": {
							"mode": "raw",
							"raw": "{\n    \"multipart\": \"form\",\n    \"Forward-To\": \"{{DSC-provider-URL}}\",\n    \"messageType\": \"DescriptionRequestMessage\"\n}"
						},
						"url": {
							"raw": "{{TC-Proxy-Endpoint}}",
							"host": [
								"{{TC-Proxy-Endpoint}}"
							]
						}
					},
					"response": []
				},
				{
					"name": "Description Request Message for Catalog",
					"event": [
						{
							"listen": "test",
							"script": {
								"exec": [
									"pm.test(\"Retrieve contract artifact\", function () {\r",
									"    var jsonData = pm.response.json();\r",
									"    pm.collectionVariables.set(\"offered_resource\", jsonData[\"ids:offeredResource\"][0][\"@id\"])\r",
									"});\r",
									"\r",
									"pm.test(\"Status code is 200\", function () {\r",
									"    pm.response.to.have.status(200);\r",
									"});"
								],
								"type": "text/javascript"
							}
						}
					],
					"request": {
						"method": "POST",
						"header": [
							{
								"key": "Content-Type",
								"value": "application/json"
							}
						],
						"body": {
							"mode": "raw",
							"raw": "{\n    \"multipart\": \"form\",\n    \"Forward-To\": \"{{DSC-provider-URL}}\",\n    \"messageType\": \"DescriptionRequestMessage\",\n    \"requestedElement\": \"{{catalog}}\"\n}"
						},
						"url": {
							"raw": "{{TC-Proxy-Endpoint}}",
							"host": [
								"{{TC-Proxy-Endpoint}}"
							]
						}
					},
					"response": []
				},
				{
					"name": "Description Request Message for Resource",
					"event": [
						{
							"listen": "test",
							"script": {
								"exec": [
									"pm.test(\"Retrieve contract artifact\", function () {\r",
									"    var jsonData = pm.response.json();\r",
									"    pm.collectionVariables.set(\"contract_artifact\", jsonData[\"ids:representation\"][0][\"ids:instance\"][0][\"@id\"])\r",
									"});\r",
									"\r",
									"pm.test(\"Retrieve contract id\", function () {\r",
									"    var jsonData = pm.response.json();\r",
									"    pm.collectionVariables.set(\"contract_id\", jsonData[\"ids:contractOffer\"][0][\"@id\"])\r",
									"});\r",
									"\r",
									"pm.test(\"Retrieve contract permission\", function () {\r",
									"    var jsonData = pm.response.json();\r",
									"    var permission = jsonData[\"ids:contractOffer\"][0][\"ids:permission\"][0];\r",
									"    var permission_text = JSON.stringify(permission);\r",
									"    permission_text = \"{\" + \r",
									"    \"\\\"ids:target\\\" : \\\"\" +  pm.collectionVariables.get(\"contract_artifact\") + \"\\\",\" +\r",
									"    permission_text.substring(1);\r",
									"    pm.collectionVariables.set(\"contract_permission\", permission_text)\r",
									"});\r",
									"\r",
									"pm.test(\"Retrieve contract provider\", function () {\r",
									"    var jsonData = pm.response.json();\r",
									"    pm.collectionVariables.set(\"contract_provider\", jsonData[\"ids:contractOffer\"][0][\"ids:provider\"][\"@id\"])\r",
									"});\r",
									"\r",
									"pm.test(\"Status code is 200\", function () {\r",
									"    pm.response.to.have.status(200);\r",
									"});"
								],
								"type": "text/javascript"
							}
						}
					],
					"request": {
						"method": "POST",
						"header": [
							{
								"key": "Content-Type",
								"value": "application/json"
							}
						],
						"body": {
							"mode": "raw",
							"raw": "{\n    \"multipart\": \"form\",\n    \"Forward-To\": \"{{DSC-provider-URL}}\",\n    \"messageType\": \"DescriptionRequestMessage\",\n    \"requestedElement\": \"{{offered_resource}}\"\n}"
						},
						"url": {
							"raw": "{{TC-Proxy-Endpoint}}",
							"host": [
								"{{TC-Proxy-Endpoint}}"
							]
						}
					},
					"response": []
				},
				{
					"name": "ContractRequestMessage",
					"event": [
						{
							"listen": "test",
							"script": {
								"exec": [
									"pm.test(\"Retrieve contract contract_agreement\", function () {\r",
									"    pm.collectionVariables.set(\"contract_agreement\", JSON.stringify(pm.response.json()))\r",
									"});\r",
									"\r",
									"pm.test(\"Status code is 200\", function () {\r",
									"    pm.response.to.have.status(200);\r",
									"});\r",
									"\r",
									"let responseData = pm.response.json();\r",
									"pm.collectionVariables.set(\"transfer_contract\", responseData[\"@id\"]);"
								],
								"type": "text/javascript"
							}
						}
					],
					"request": {
						"method": "POST",
						"header": [
							{
								"key": "Content-Type",
								"value": "application/json"
							}
						],
						"body": {
							"mode": "raw",
							"raw": "{\n    \"multipart\": \"form\",\n    \"Forward-To\": \"{{DSC-provider-URL}}\",\n    \"messageType\": \"ContractRequestMessage\",\n    \"requestedElement\": \"{{contract_artifact}}\",\n    \"payload\": {\n        \"@context\": {\n            \"ids\": \"https://w3id.org/idsa/core/\",\n            \"idsc\": \"https://w3id.org/idsa/code/\"\n        },\n        \"@type\": \"ids:ContractRequest\",\n        \"@id\": \"{{contract_id}}\",\n        \"ids:permission\": [\n            {{contract_permission}}\n        ],\n        \"ids:provider\": {\n            \"@id\": \"{{contract_provider}}\"\n        },\n        \"ids:obligation\": [],\n        \"ids:prohibition\": [],\n        \"ids:consumer\": {\n            \"@id\": \"http://w3id.org/engrd/connector/consumer\"\n        }\n    }\n}"
						},
						"url": {
							"raw": "{{TC-Proxy-Endpoint}}",
							"host": [
								"{{TC-Proxy-Endpoint}}"
							]
						}
					},
					"response": []
				},
				{
					"name": "ContractAgreementMessage",
					"event": [
						{
							"listen": "test",
							"script": {
								"exec": [
									"pm.test(\"Body is MessageProcessedNotificationMessage\", function () {\r",
									"    pm.response.to.have.body(\"MessageProcessedNotificationMessage\");\r",
									"});\r",
									"\r",
									"pm.test(\"Status code is 200\", function () {\r",
									"    pm.response.to.have.status(200);\r",
									"});"
								],
								"type": "text/javascript"
							}
						}
					],
					"request": {
						"method": "POST",
						"header": [
							{
								"key": "Content-Type",
								"value": "application/json"
							}
						],
						"body": {
							"mode": "raw",
							"raw": "{\n    \"multipart\": \"form\",\n    \"Forward-To\": \"{{DSC-provider-URL}}\",\n    \"messageType\": \"ContractAgreementMessage\",\n    \"requestedArtifact\": \"{{contract_artifact}}\",\n    \"payload\": {{contract_agreement}}\n}"
						},
						"url": {
							"raw": "{{TC-Proxy-Endpoint}}",
							"host": [
								"{{TC-Proxy-Endpoint}}"
							]
						}
					},
					"response": []
				},
				{
					"name": "ArtifactRequestMessage",
					"event": [
						{
							"listen": "test",
							"script": {
								"exec": [
									"pm.test(\"Status code is 200\", function () {\r",
									"    pm.response.to.have.status(200);\r",
									"});\r",
									"pm.test(\"JSON values check\", function () {\r",
									"    var jsonData = pm.response.json();\r",
									"    pm.expect(jsonData[\"firstName\"]).to.eql(\"John\");\r",
									"    pm.expect(jsonData[\"lastName\"]).to.eql(\"Doe\");\r",
									"    pm.expect(jsonData[\"address\"]).to.eql(\"591  Franklin Street, Pennsylvania\");\r",
									"});"
								],
								"type": "text/javascript"
							}
						}
					],
					"request": {
						"method": "POST",
						"header": [
							{
								"key": "Content-Type",
								"value": "application/json"
							}
						],
						"body": {
							"mode": "raw",
							"raw": "{\n    \"multipart\": \"form\",\n    \"Forward-To\": \"{{DSC-provider-URL}}\",\n    \"messageType\": \"ArtifactRequestMessage\",\n    \"requestedArtifact\": \"{{contract_artifact}}\",\n    \"transferContract\": \"{{transfer_contract}}\",\n    \"payload\": \"\"\n}"
						},
						"url": {
							"raw": "{{TC-Proxy-Endpoint}}",
							"host": [
								"{{TC-Proxy-Endpoint}}"
							]
						}
					},
					"response": []
				}
			],
			"auth": {
				"type": "basic",
				"basic": [
					{
						"key": "username",
						"value": "admin",
						"type": "string"
					},
					{
						"key": "password",
						"value": "password",
						"type": "string"
					}
				]
			},
			"event": [
				{
					"listen": "prerequest",
					"script": {
						"type": "text/javascript",
						"exec": [
							""
						]
					}
				},
				{
					"listen": "test",
					"script": {
						"type": "text/javascript",
						"exec": [
							""
						]
					}
				}
			]
		}
	],
	"event": [
		{
			"listen": "prerequest",
			"script": {
				"type": "text/javascript",
				"exec": [
					""
				]
			}
		},
		{
			"listen": "test",
			"script": {
				"type": "text/javascript",
				"exec": [
					""
				]
			}
		}
	],
	"variable": [
		{
			"key": "TC-Proxy-Endpoint",
			"value": "https://localhost:8184/proxy",
			"type": "string"
		},
		{
			"key": "DSC-provider-URL",
			"value": "https://connectora:8080/api/ids/data",
			"type": "string"
		},
		{
			"key": "catalog",
			"value": ""
		},
		{
			"key": "offered_resource",
			"value": ""
		},
		{
			"key": "contract_artifact",
			"value": ""
		},
		{
			"key": "contract_id",
			"value": ""
		},
		{
			"key": "contract_permission",
			"value": ""
		},
		{
			"key": "contract_provider",
			"value": ""
		},
		{
			"key": "contract_agreement",
			"value": ""
		},
		{
			"key": "transfer_contract",
			"value": ""
		}
	]
}